,Peak_Date,Title,Half_Life
0,2019-03-01 00:00:00,scottish pokemon trainer meme,31 days 00:00:00.000000000
0,2017-09-01 00:00:00,hey there demons meme,61 days 00:00:00.000000000
0,2018-10-01 00:00:00,skyrim skill tree meme,151 days 00:00:00.000000000
0,2018-04-01 00:00:00,walmart yodel boy meme,30 days 00:00:00.000000000
0,2017-03-01 00:00:00,the ratio meme,61 days 00:00:00.000000000
0,2018-07-01 00:00:00,annoyed bird meme,31 days 00:00:00.000000000
0,2019-01-01 00:00:00,big chungus meme,59 days 00:00:00.000000000
0,2018-01-01 00:00:00,but can you do this meme,31 days 00:00:00.000000000
0,2018-10-01 00:00:00,lets get this bread meme,61 days 00:00:00.000000000
0,2018-11-01 00:00:00,weird flex but ok meme,30 days 00:00:00.000000000
0,2018-03-01 00:00:00,oopsie woopsie meme,61 days 00:00:00.000000000
0,2018-07-01 00:00:00,dont look at her meme,62 days 00:00:00.000000000
0,2019-01-01 00:00:00,crab rave meme,90 days 00:00:00.000000000
0,2018-05-01 00:00:00,t pose meme,61 days 00:00:00.000000000
0,2018-11-01 00:00:00,okay this is epic meme,30 days 00:00:00.000000000
0,2017-07-01 00:00:00,that damn smile meme,62 days 00:00:00.000000000
0,2017-07-01 00:00:00,plastic love meme,31 days 00:00:00.000000000
0,2018-07-01 00:00:00,obunga meme,31 days 00:00:00.000000000
0,2018-07-01 00:00:00,big dick energy meme,31 days 00:00:00.000000000
0,2018-03-01 00:00:00,globglogabgalab meme,92 days 00:00:00.000000000
0,2018-03-01 00:00:00,who created kirby meme,61 days 00:00:00.000000000
0,2018-05-01 00:00:00,thank you kanye very cool meme,31 days 00:00:00.000000000
0,2018-04-01 00:00:00,we live in a society meme,91 days 00:00:00.000000000
0,2018-07-01 00:00:00,people who thank the bus driver meme,31 days 00:00:00.000000000
0,2018-07-01 00:00:00,polite cat meme,31 days 00:00:00.000000000
0,2018-10-01 00:00:00,this aint it chief meme,31 days 00:00:00.000000000
0,2018-05-01 00:00:00,bbq becky meme,31 days 00:00:00.000000000
0,2018-08-01 00:00:00,ligma meme,31 days 00:00:00.000000000
0,2019-03-01 00:00:00,momo challenge meme,31 days 00:00:00.000000000
0,2018-07-01 00:00:00,this is so sad alexa play despacito meme,31 days 00:00:00.000000000
0,2018-10-01 00:00:00,moth lamp meme,31 days 00:00:00.000000000
0,2018-09-01 00:00:00,bowsette meme,61 days 00:00:00.000000000
0,2018-05-01 00:00:00,trumpet boy meme,31 days 00:00:00.000000000
0,2018-10-01 00:00:00,bongo cat meme,61 days 00:00:00.000000000
0,2018-08-01 00:00:00,30 year old boomer meme,61 days 00:00:00.000000000
0,2018-07-01 00:00:00,slaps roof of car meme,31 days 00:00:00.000000000
0,2018-06-01 00:00:00,despacito 2 meme,30 days 00:00:00.000000000
0,2018-01-01 00:00:00,i cant believe youve done this meme,31 days 00:00:00.000000000
0,2018-05-01 00:00:00,lord farquaad markiplier e meme,61 days 00:00:00.000000000
0,2018-03-01 00:00:00,savage patrick meme,31 days 00:00:00.000000000
0,2018-04-01 00:00:00,american chopper argument meme,30 days 00:00:00.000000000
0,2007-10-01 00:00:00,aaaaaaaa meme,31 days 00:00:00.000000000
0,2018-03-01 00:00:00,grus plan meme,31 days 00:00:00.000000000
0,2018-03-01 00:00:00,patrick star meme,31 days 00:00:00.000000000
0,2012-02-01 00:00:00,cray cray meme,121 days 00:00:00.000000000
0,2014-11-01 00:00:00,a potato flew around my room meme,30 days 00:00:00.000000000
0,2018-03-01 00:00:00,steamed hams meme,61 days 00:00:00.000000000
0,2018-01-01 00:00:00,somebody toucha my spaghet meme,59 days 00:00:00.000000000
0,2018-01-01 00:00:00,tide pod challenge meme,31 days 00:00:00.000000000
0,2018-01-01 00:00:00,ugandan knuckles meme,31 days 00:00:00.000000000
0,2018-02-01 00:00:00,burger king foot lettuce meme,28 days 00:00:00.000000000
0,2018-02-01 00:00:00,you so precious when you smile meme,59 days 00:00:00.000000000
0,2018-01-01 00:00:00,karma is a bitch meme,59 days 00:00:00.000000000
0,2012-12-01 00:00:00,the end of the world meme,31 days 00:00:00.000000000
0,2018-02-01 00:00:00,monkas meme,212 days 00:00:00.000000000
0,2018-05-01 00:00:00,absolute unit meme,61 days 00:00:00.000000000
0,2018-01-01 00:00:00,ben swolo meme,31 days 00:00:00.000000000
0,2018-10-01 00:00:00,heres johnny meme,182 days 00:00:00.000000000
0,2017-02-01 00:00:00,whomst meme,59 days 00:00:00.000000000
0,2017-07-01 00:00:00,he protec but he also attac meme,62 days 00:00:00.000000000
0,2018-01-01 00:00:00,earth chan meme,31 days 00:00:00.000000000
0,2006-12-01 00:00:00,internet slang meme,31 days 00:00:00.000000000
0,2017-12-01 00:00:00,why werent you at elf practice meme,31 days 00:00:00.000000000
0,2017-12-01 00:00:00,thai political crisis breakup meme,31 days 00:00:00.000000000
0,2017-12-01 00:00:00,i will survive meme,31 days 00:00:00.000000000
0,2019-01-01 00:00:00,wario meme,120 days 00:00:00.000000000
0,2017-08-01 00:00:00,right in front of my salad meme,31 days 00:00:00.000000000
0,2017-09-01 00:00:00,borutos dad meme,30 days 00:00:00.000000000
0,2017-07-01 00:00:00,buenos dias mandy meme,31 days 00:00:00.000000000
0,2017-09-01 00:00:00,distracted boyfriend meme,30 days 00:00:00.000000000
0,2018-12-01 00:00:00,padoru meme,31 days 00:00:00.000000000
0,2017-11-01 00:00:00,mans not hot meme,61 days 00:00:00.000000000
0,2017-12-01 00:00:00,net neutrality meme,31 days 00:00:00.000000000
0,2017-11-01 00:00:00,dilly dilly meme,120 days 00:00:00.000000000
0,2018-11-01 00:00:00,destroy dick december meme,61 days 00:00:00.000000000
0,2017-11-01 00:00:00,my bike got stolen recently meme,61 days 00:00:00.000000000
0,2017-11-01 00:00:00,jazz music stops meme,120 days 00:00:00.000000000
0,2017-05-01 00:00:00,mocking spongebob meme,31 days 00:00:00.000000000
0,2016-01-01 00:00:00,activated almonds meme,31 days 00:00:00.000000000
0,2018-05-01 00:00:00,soy boy meme,61 days 00:00:00.000000000
0,2018-01-01 00:00:00,s stands for meme,31 days 00:00:00.000000000
0,2017-11-01 00:00:00,its okay to be white meme,30 days 00:00:00.000000000
0,2018-06-01 00:00:00,pee is stored in the balls meme,92 days 00:00:00.000000000
0,2018-02-01 00:00:00,gohan blanco meme,28 days 00:00:00.000000000
0,2018-09-01 00:00:00,goth gf meme,212 days 00:00:00.000000000
0,2018-07-01 00:00:00,shadman meme,274 days 00:00:00.000000000
0,2018-01-01 00:00:00,knuckles sings meme,31 days 00:00:00.000000000
0,2017-10-01 00:00:00,grape kun meme,92 days 00:00:00.000000000
0,2017-10-01 00:00:00,first of all meme,31 days 00:00:00.000000000
0,2018-10-01 00:00:00,metoo meme,31 days 00:00:00.000000000
0,2017-11-01 00:00:00,big enough meme,242 days 00:00:00.000000000
0,2017-10-01 00:00:00,rick and morty fans meme,92 days 00:00:00.000000000
0,2017-09-01 00:00:00,you know i had to do it to em meme,30 days 00:00:00.000000000
0,2017-10-01 00:00:00,hotel mario meme,31 days 00:00:00.000000000
0,2017-10-01 00:00:00,improvise adapt overcome meme,92 days 00:00:00.000000000
0,2017-09-01 00:00:00,inhaling seagull meme,61 days 00:00:00.000000000
0,2016-09-01 00:00:00,you vs the guy she told you not to worry about meme,30 days 00:00:00.000000000
0,2018-07-01 00:00:00,despacito meme,62 days 00:00:00.000000000
0,2018-05-01 00:00:00,lul meme,184 days 00:00:00.000000000
0,2015-09-01 00:00:00,splat tim meme,61 days 00:00:00.000000000
0,2012-02-01 00:00:00,wtf is this shit meme,121 days 00:00:00.000000000
0,2017-10-01 00:00:00,clout meme,457 days 00:00:00.000000000
0,2017-01-01 00:00:00,old gregg meme,212 days 00:00:00.000000000
0,2017-02-01 00:00:00,breath in boi meme,28 days 00:00:00.000000000
0,2017-11-01 00:00:00,country girls make do meme,61 days 00:00:00.000000000
0,2013-01-01 00:00:00,lie down try not to cry cry a lot meme,304 days 00:00:00.000000000
0,2016-10-01 00:00:00,kilroy was here meme,31 days 00:00:00.000000000
0,2017-08-01 00:00:00,hewwo meme,92 days 00:00:00.000000000
0,2017-08-01 00:00:00,oh worm meme,31 days 00:00:00.000000000
0,2017-09-01 00:00:00,pickle rick meme,61 days 00:00:00.000000000
0,2017-09-01 00:00:00,protegent antivirus meme,30 days 00:00:00.000000000
0,2017-08-01 00:00:00,waterguy12 meme,31 days 00:00:00.000000000
0,2018-02-01 00:00:00,bobs and vegana meme,59 days 00:00:00.000000000
0,2017-08-01 00:00:00,crash bandicoot woah meme,31 days 00:00:00.000000000
0,2017-07-01 00:00:00,england is my city meme,92 days 00:00:00.000000000
0,2017-08-01 00:00:00,i studied the blade meme,61 days 00:00:00.000000000
0,2017-12-01 00:00:00,angry dog noises meme,90 days 00:00:00.000000000
0,2016-11-01 00:00:00,trebuchets meme,120 days 00:00:00.000000000
0,2017-07-01 00:00:00,powder that makes you say yes meme,62 days 00:00:00.000000000
0,2017-05-01 00:00:00,why are we still here just to suffer meme,31 days 00:00:00.000000000
0,2016-08-01 00:00:00,gaston meme,61 days 00:00:00.000000000
0,2017-07-01 00:00:00,oh fuck put it back in meme,31 days 00:00:00.000000000
0,2017-07-01 00:00:00,i will now buy your game meme,31 days 00:00:00.000000000
0,2017-05-01 00:00:00,kekistan meme,153 days 00:00:00.000000000
0,2017-07-01 00:00:00,how to talk to short people meme,31 days 00:00:00.000000000
0,2017-06-01 00:00:00,gremblo meme,61 days 00:00:00.000000000
0,2018-11-01 00:00:00,69 meme,120 days 00:00:00.000000000
0,2018-05-01 00:00:00,the 7th element meme,184 days 00:00:00.000000000
0,2018-01-01 00:00:00,milkshake duck meme,59 days 00:00:00.000000000
0,2017-07-01 00:00:00,boneless pizza meme,31 days 00:00:00.000000000
0,2017-06-01 00:00:00,the floor is meme,30 days 00:00:00.000000000
0,2017-06-01 00:00:00,hey man you see that guy over there meme,30 days 00:00:00.000000000
0,2017-06-01 00:00:00,one thicc bih meme,30 days 00:00:00.000000000
0,2017-07-01 00:00:00,fireflies meme,31 days 00:00:00.000000000
0,2016-12-01 00:00:00,get in the bag nebby meme,62 days 00:00:00.000000000
0,2016-10-01 00:00:00,pen pineapple apple pen meme,31 days 00:00:00.000000000
0,2017-06-01 00:00:00,you on kazoo meme,30 days 00:00:00.000000000
0,2017-06-01 00:00:00,covfefe meme,30 days 00:00:00.000000000
0,2017-06-01 00:00:00,nice girl bike meme,30 days 00:00:00.000000000
0,2017-06-01 00:00:00,ideal gf meme,273 days 00:00:00.000000000
0,2017-06-01 00:00:00,redbone meme,30 days 00:00:00.000000000
0,2017-06-01 00:00:00,cracking open a cold one with the boys meme,30 days 00:00:00.000000000
0,2017-05-01 00:00:00,saturdays are for the boys meme,61 days 00:00:00.000000000
0,2017-04-01 00:00:00,y tho meme,306 days 00:00:00.000000000
0,2017-05-01 00:00:00,understandable have a nice day meme,92 days 00:00:00.000000000
0,2016-09-01 00:00:00,this is the ideal male body meme,487 days 00:00:00.000000000
0,2015-09-01 00:00:00,cummies meme,61 days 00:00:00.000000000
0,2016-06-01 00:00:00,nut button meme,304 days 00:00:00.000000000
0,2016-12-01 00:00:00,thelegend27 meme,31 days 00:00:00.000000000
0,2017-06-01 00:00:00,what you see vs what she sees meme,395 days 00:00:00.000000000
0,2017-06-01 00:00:00,respect women meme,61 days 00:00:00.000000000
0,2018-01-01 00:00:00,i have the high ground meme,455 days 00:00:00.000000000
0,2017-03-01 00:00:00,shooting stars meme,31 days 00:00:00.000000000
0,2016-11-01 00:00:00,eyebrows on fleek meme,61 days 00:00:00.000000000
0,2019-03-01 00:00:00,blue whale challenge meme,31 days 00:00:00.000000000
0,2011-01-01 00:00:00,everybody walk the dinosaur meme,59 days 00:00:00.000000000
0,2014-01-01 00:00:00,mah nigga meme,761 days 00:00:00.000000000
0,2013-05-01 00:00:00,epic boobs girl meme,31 days 00:00:00.000000000
0,2016-12-01 00:00:00,biggie cheese meme,31 days 00:00:00.000000000
0,2017-03-01 00:00:00,how italians do things meme,31 days 00:00:00.000000000
0,2016-06-01 00:00:00,the fitnessgram pacer test meme,61 days 00:00:00.000000000
0,2017-05-01 00:00:00,oh no its retarded meme,304 days 00:00:00.000000000
0,2017-03-01 00:00:00,succ meme,457 days 00:00:00.000000000
0,2015-11-01 00:00:00,allahu akbar meme,61 days 00:00:00.000000000
0,2017-03-01 00:00:00,expanding brain meme,92 days 00:00:00.000000000
0,2016-04-01 00:00:00,vape nation meme,61 days 00:00:00.000000000
0,2016-12-01 00:00:00,conceited reaction meme,62 days 00:00:00.000000000
0,2016-11-01 00:00:00,evil kermit meme,30 days 00:00:00.000000000
0,2016-02-01 00:00:00,persian cat room guardian meme,60 days 00:00:00.000000000
0,2014-12-01 00:00:00,my name is jeff meme,31 days 00:00:00.000000000
0,2015-08-01 00:00:00,rare pepe meme,122 days 00:00:00.000000000
0,2016-08-01 00:00:00,im rick harrison and this is my pawn shop meme,31 days 00:00:00.000000000
0,2016-02-01 00:00:00,suh dude meme,29 days 00:00:00.000000000
0,2016-03-01 00:00:00,ted cruz zodiac killer meme,92 days 00:00:00.000000000
0,2017-01-01 00:00:00,salt bae meme,59 days 00:00:00.000000000
0,2017-02-01 00:00:00,what in tarnation meme,59 days 00:00:00.000000000
0,2017-02-01 00:00:00,roll safe meme,28 days 00:00:00.000000000
0,2016-12-01 00:00:00,rain drop drop top meme,62 days 00:00:00.000000000
0,2016-11-01 00:00:00,57 meme,30 days 00:00:00.000000000
0,2017-01-01 00:00:00,cash me ousside howbow dah meme,31 days 00:00:00.000000000
0,2017-05-01 00:00:00,thrussy meme,61 days 00:00:00.000000000
0,2018-10-01 00:00:00,begone thot meme,61 days 00:00:00.000000000
0,2015-02-01 00:00:00,twitch emotes meme,181 days 00:00:00.000000000
0,2018-05-01 00:00:00,surreal memes meme,184 days 00:00:00.000000000
0,2017-05-01 00:00:00,smug wendys meme,31 days 00:00:00.000000000
0,2017-09-01 00:00:00,pennywise the clown meme,30 days 00:00:00.000000000
0,2017-04-01 00:00:00,extra thicc meme,214 days 00:00:00.000000000
0,2017-04-01 00:00:00,bone hurting juice meme,30 days 00:00:00.000000000
0,2017-09-01 00:00:00,hold my beer meme,30 days 00:00:00.000000000
0,2017-04-01 00:00:00,please be patient i have autism meme,61 days 00:00:00.000000000
0,2016-03-01 00:00:00,history of japan meme,61 days 00:00:00.000000000
0,2016-01-01 00:00:00,if a dog wore pants meme,31 days 00:00:00.000000000
0,2017-12-01 00:00:00,the scroll of truth meme,304 days 00:00:00.000000000
0,2017-02-01 00:00:00,trash doves meme,28 days 00:00:00.000000000
0,2016-11-01 00:00:00,pepperidge farm remembers meme,181 days 00:00:00.000000000
0,2015-12-01 00:00:00,confused travolta meme,31 days 00:00:00.000000000
0,2018-04-01 00:00:00,turn up the volume meme,244 days 00:00:00.000000000
0,2012-01-01 00:00:00,herobrine meme,31 days 00:00:00.000000000
0,2017-03-01 00:00:00,notmyrodrick meme,61 days 00:00:00.000000000
0,2017-04-01 00:00:00,the worst trade deal meme,122 days 00:00:00.000000000
0,2017-05-01 00:00:00,so long gay bowser meme,31 days 00:00:00.000000000
0,2017-04-01 00:00:00,oh no baby what is you doin meme,61 days 00:00:00.000000000
0,2017-03-01 00:00:00,its so fucking big meme,31 days 00:00:00.000000000
0,2017-04-01 00:00:00,hey beter meme,183 days 00:00:00.000000000
0,2017-03-01 00:00:00,weaponized autism meme,31 days 00:00:00.000000000
0,2017-04-01 00:00:00,delete this nephew meme,61 days 00:00:00.000000000
0,2017-03-01 00:00:00,based stickman meme,61 days 00:00:00.000000000
0,2017-04-01 00:00:00,i need healing meme,214 days 00:00:00.000000000
0,2017-03-01 00:00:00,this is the future that liberals want meme,61 days 00:00:00.000000000
0,2017-03-01 00:00:00,me me big boy meme,31 days 00:00:00.000000000
0,2016-04-01 00:00:00,koichi pose meme,30 days 00:00:00.000000000
0,2017-03-01 00:00:00,meme economy meme,214 days 00:00:00.000000000
0,2017-03-01 00:00:00,why is the fbi here meme,31 days 00:00:00.000000000
0,2016-10-01 00:00:00,ken bone meme,31 days 00:00:00.000000000
0,2016-12-01 00:00:00,send nudes meme,121 days 00:00:00.000000000
0,2016-06-01 00:00:00,its high noon meme,61 days 00:00:00.000000000
0,2017-11-01 00:00:00,cuck meme,92 days 00:00:00.000000000
0,2017-01-01 00:00:00,math lady confused lady meme,90 days 00:00:00.000000000
0,2017-07-01 00:00:00,sleeping shaq meme,31 days 00:00:00.000000000
0,2017-04-01 00:00:00,big if true meme,30 days 00:00:00.000000000
0,2019-03-01 00:00:00,no way fag meme,31 days 00:00:00.000000000
0,2017-07-01 00:00:00,trivago guy meme,31 days 00:00:00.000000000
0,2017-02-01 00:00:00,so much for the tolerant left meme,28 days 00:00:00.000000000
0,2017-03-01 00:00:00,blinking white guy meme,31 days 00:00:00.000000000
0,2018-10-01 00:00:00,deep fried memes meme,212 days 00:00:00.000000000
0,2017-12-01 00:00:00,who would win meme,121 days 00:00:00.000000000
0,2017-03-01 00:00:00,teen comix meme,122 days 00:00:00.000000000
0,2017-02-01 00:00:00,accepting your death meme,334 days 00:00:00.000000000
0,2017-04-01 00:00:00,is this a jojo reference meme,30 days 00:00:00.000000000
0,2017-03-01 00:00:00,virgin killing sweater meme,31 days 00:00:00.000000000
0,2017-05-01 00:00:00,lemme smash meme,123 days 00:00:00.000000000
0,2007-06-01 00:00:00,memri tv meme,30 days 00:00:00.000000000
0,2017-04-01 00:00:00,the tragedy of darth plagueis the wise meme,61 days 00:00:00.000000000
0,2017-03-01 00:00:00,he will not divide us meme,61 days 00:00:00.000000000
0,2018-03-01 00:00:00,god i wish that were me meme,396 days 00:00:00.000000000
0,2017-02-01 00:00:00,i lik the bred meme,59 days 00:00:00.000000000
0,2018-01-01 00:00:00,most people rejected his message meme,151 days 00:00:00.000000000
0,2017-04-01 00:00:00,uvuvwevwevwe meme,30 days 00:00:00.000000000
0,2017-02-01 00:00:00,fake history meme,59 days 00:00:00.000000000
0,2017-01-01 00:00:00,how to break your thumb ligament meme,59 days 00:00:00.000000000
0,2017-10-01 00:00:00,seize the means of production meme,273 days 00:00:00.000000000
0,2017-01-01 00:00:00,niggernavy meme,31 days 00:00:00.000000000
0,2017-02-01 00:00:00,henlo meme,120 days 00:00:00.000000000
0,2017-01-01 00:00:00,brother may i have some oats meme,31 days 00:00:00.000000000
0,2016-08-01 00:00:00,the mandela effect meme,396 days 00:00:00.000000000
0,2017-01-01 00:00:00,autistic screeching meme,181 days 00:00:00.000000000
0,2016-11-01 00:00:00,take a fucking sip babes meme,151 days 00:00:00.000000000
0,2016-10-01 00:00:00,white people have no culture meme,92 days 00:00:00.000000000
0,2017-01-01 00:00:00,she was his queen meme,31 days 00:00:00.000000000
0,2017-07-01 00:00:00,dog filter meme,31 days 00:00:00.000000000
0,2016-05-01 00:00:00,hold the door meme,31 days 00:00:00.000000000
0,2016-05-01 00:00:00,running man meme,31 days 00:00:00.000000000
0,2016-08-01 00:00:00,arthurs fist meme,31 days 00:00:00.000000000
0,2016-09-01 00:00:00,hugh mungus meme,30 days 00:00:00.000000000
0,2016-05-01 00:00:00,trigglypuff meme,31 days 00:00:00.000000000
0,2016-03-01 00:00:00,dont talk to me or my son ever again meme,92 days 00:00:00.000000000
0,2017-04-01 00:00:00,rawr xd meme,30 days 00:00:00.000000000
0,2016-12-01 00:00:00,om telolet om meme,31 days 00:00:00.000000000
0,2016-12-01 00:00:00,choccy milk meme,31 days 00:00:00.000000000
0,2016-10-01 00:00:00,me an intellectual meme,123 days 00:00:00.000000000
0,2016-12-01 00:00:00,we are number one meme,62 days 00:00:00.000000000
0,2017-01-01 00:00:00,thats where youre wrong kiddo meme,59 days 00:00:00.000000000
0,2017-01-01 00:00:00,had it not been for the laws of this land meme,31 days 00:00:00.000000000
0,2016-12-01 00:00:00,this meme is from the future meme,31 days 00:00:00.000000000
0,2017-01-01 00:00:00,important videos meme,151 days 00:00:00.000000000
0,2016-12-01 00:00:00,bode meme,31 days 00:00:00.000000000
0,2016-12-01 00:00:00,one finger selfie challenge meme,31 days 00:00:00.000000000
0,2016-12-01 00:00:00,you reposted in the wrong neighborhood meme,304 days 00:00:00.000000000
0,2017-05-01 00:00:00,picardia meme,700 days 00:00:00.000000000
0,2016-11-01 00:00:00,pizzagate meme,61 days 00:00:00.000000000
0,2017-12-01 00:00:00,free helicopter rides meme,31 days 00:00:00.000000000
0,2009-05-01 00:00:00,meme magic meme,61 days 00:00:00.000000000
0,2017-05-01 00:00:00,shadilay meme,61 days 00:00:00.000000000
0,2018-08-01 00:00:00,jebaited meme,31 days 00:00:00.000000000
0,2018-03-01 00:00:00,angery meme,92 days 00:00:00.000000000
0,2016-11-01 00:00:00,deadass meme,61 days 00:00:00.000000000
0,2016-10-01 00:00:00,beep beep lettuce meme,61 days 00:00:00.000000000
0,2016-11-01 00:00:00,member berries meme,30 days 00:00:00.000000000
0,2018-01-01 00:00:00,smugglypuff meme,31 days 00:00:00.000000000
0,2017-04-01 00:00:00,did you just assume my gender meme,91 days 00:00:00.000000000
0,2016-10-01 00:00:00,me too thanks meme,92 days 00:00:00.000000000
0,2016-11-01 00:00:00,really makes you think meme,120 days 00:00:00.000000000
0,2016-12-01 00:00:00,bone apple tea meme,31 days 00:00:00.000000000
0,2018-04-01 00:00:00,skeletor meme,334 days 00:00:00.000000000
0,2016-09-01 00:00:00,my longest yeah boy ever meme,61 days 00:00:00.000000000
0,2016-10-01 00:00:00,deus vult meme,31 days 00:00:00.000000000
0,2017-05-01 00:00:00,name a more iconic duo meme,123 days 00:00:00.000000000
0,2016-09-01 00:00:00,describe yourself in 3 fictional characters meme,30 days 00:00:00.000000000
0,2016-12-01 00:00:00,timbs meme,90 days 00:00:00.000000000
0,2017-02-01 00:00:00,political compass meme,485 days 00:00:00.000000000
0,2018-05-01 00:00:00,its free real estate meme,245 days 00:00:00.000000000
0,2016-09-01 00:00:00,persuadable bouncer meme,30 days 00:00:00.000000000
0,2018-02-01 00:00:00,friendship ended with mudasir meme,273 days 00:00:00.000000000
0,2017-09-01 00:00:00,mr orange meme,303 days 00:00:00.000000000
0,2016-10-01 00:00:00,i have crippling depression meme,123 days 00:00:00.000000000
0,2016-10-01 00:00:00,beaned meme,151 days 00:00:00.000000000
0,2016-09-01 00:00:00,whoa were halfway there meme,30 days 00:00:00.000000000
0,2016-12-01 00:00:00,guzma meme,31 days 00:00:00.000000000
0,2017-11-01 00:00:00,millennials are killing meme,92 days 00:00:00.000000000
0,2016-09-01 00:00:00,mcchicken meme,30 days 00:00:00.000000000
0,2016-08-01 00:00:00,shart in mart meme,31 days 00:00:00.000000000
0,2016-10-01 00:00:00,bleach drinking meme,123 days 00:00:00.000000000
0,2016-10-01 00:00:00,you mean the chaos emeralds meme,61 days 00:00:00.000000000
0,2016-08-01 00:00:00,does bruno mars is gay meme,31 days 00:00:00.000000000
0,2017-01-01 00:00:00,come to brazil meme,59 days 00:00:00.000000000
0,2016-12-01 00:00:00,doggo meme,761 days 00:00:00.000000000
0,2016-08-01 00:00:00,alolan exeggutor meme,31 days 00:00:00.000000000
0,2016-06-01 00:00:00,harambe the gorilla meme,122 days 00:00:00.000000000
0,2018-10-01 00:00:00,graham meme,31 days 00:00:00.000000000
0,2016-08-01 00:00:00,the delegates donald meme,61 days 00:00:00.000000000
0,2018-03-01 00:00:00,zucked meme,61 days 00:00:00.000000000
0,2016-12-01 00:00:00,gavin meme,121 days 00:00:00.000000000
0,2016-08-01 00:00:00,taylor swift is a snake meme,31 days 00:00:00.000000000
0,2016-12-01 00:00:00,mimikyu meme,31 days 00:00:00.000000000
0,2015-05-01 00:00:00,unlimited blade works meme,153 days 00:00:00.000000000
0,2015-04-01 00:00:00,wew lad meme,30 days 00:00:00.000000000
0,2015-04-01 00:00:00,welcome to chilis meme,30 days 00:00:00.000000000
0,2017-11-01 00:00:00,pumped up kicks meme,395 days 00:00:00.000000000
0,2015-05-01 00:00:00,closing the curtains meme,92 days 00:00:00.000000000
0,2015-12-01 00:00:00,i cri evrytiem meme,122 days 00:00:00.000000000
0,2015-08-01 00:00:00,ipo chan meme,31 days 00:00:00.000000000
0,2015-08-01 00:00:00,klinik tong fang meme,122 days 00:00:00.000000000
0,2013-05-01 00:00:00,demi tuhan meme,31 days 00:00:00.000000000
0,2015-09-01 00:00:00,a hideo kojima game meme,30 days 00:00:00.000000000
0,2017-12-01 00:00:00,its time to stop meme,182 days 00:00:00.000000000
0,2016-04-01 00:00:00,im ethan bradberry meme,30 days 00:00:00.000000000
0,2016-06-01 00:00:00,delete your account meme,30 days 00:00:00.000000000
0,2016-11-01 00:00:00,ok bye mom meme,30 days 00:00:00.000000000
0,2016-06-01 00:00:00,fat axl rose meme,30 days 00:00:00.000000000
0,2017-01-01 00:00:00,we wuz kings meme,31 days 00:00:00.000000000
0,2016-03-01 00:00:00,long boy meme,92 days 00:00:00.000000000
0,2016-01-01 00:00:00,be like bill meme,31 days 00:00:00.000000000
0,2014-06-01 00:00:00,crack kid meme,61 days 00:00:00.000000000
0,2017-09-01 00:00:00,i wish i could talk to ponies meme,30 days 00:00:00.000000000
0,2016-11-01 00:00:00,make america great again meme,30 days 00:00:00.000000000
0,2014-05-01 00:00:00,carter the banana boy meme,31 days 00:00:00.000000000
0,2014-12-01 00:00:00,topkek meme,31 days 00:00:00.000000000
0,2014-10-01 00:00:00,minor mistake marvin meme,212 days 00:00:00.000000000
0,2016-03-01 00:00:00,if young metro dont trust you meme,31 days 00:00:00.000000000
0,2016-07-01 00:00:00,i can be your angle or yuor devil meme,31 days 00:00:00.000000000
0,2013-05-01 00:00:00,bitch i might be meme,31 days 00:00:00.000000000
0,2013-08-01 00:00:00,aw shit nigga meme,61 days 00:00:00.000000000
0,2014-11-01 00:00:00,absolutely haram meme,151 days 00:00:00.000000000
0,2011-10-01 00:00:00,vagina bones meme,31 days 00:00:00.000000000
0,2013-11-01 00:00:00,i have drawn you meme,92 days 00:00:00.000000000
0,2016-06-01 00:00:00,justice rains from above meme,30 days 00:00:00.000000000
0,2017-02-01 00:00:00,giantdad meme,28 days 00:00:00.000000000
0,2014-08-01 00:00:00,solaire of astora meme,31 days 00:00:00.000000000
0,2017-04-01 00:00:00,missed the point meme,122 days 00:00:00.000000000
0,2016-05-01 00:00:00,dat boi meme,31 days 00:00:00.000000000
0,2016-06-01 00:00:00,lebron james kid meme,30 days 00:00:00.000000000
0,2015-11-01 00:00:00,here in my garage meme,92 days 00:00:00.000000000
0,2017-01-01 00:00:00,the dab meme,546 days 00:00:00.000000000
0,2016-05-01 00:00:00,oh baby a triple meme,396 days 00:00:00.000000000
0,2019-02-01 00:00:00,is mayonnaise an instrument meme,59 days 00:00:00.000000000
0,2016-10-01 00:00:00,hello darkness my old friend meme,942 days 00:00:00.000000000
0,2016-02-01 00:00:00,squidward dab meme,29 days 00:00:00.000000000
0,2016-02-01 00:00:00,marge krumping meme,121 days 00:00:00.000000000
0,2016-03-01 00:00:00,durr plant meme,31 days 00:00:00.000000000
0,2016-02-01 00:00:00,damn daniel meme,29 days 00:00:00.000000000
0,2012-10-01 00:00:00,evil toddler meme,123 days 00:00:00.000000000
0,2016-07-01 00:00:00,dindu nuffin meme,62 days 00:00:00.000000000
0,2014-08-01 00:00:00,sweden yes meme,31 days 00:00:00.000000000
0,2013-05-01 00:00:00,everyone loses their minds meme,92 days 00:00:00.000000000
0,2014-04-01 00:00:00,pun dog meme,122 days 00:00:00.000000000
0,2015-05-01 00:00:00,cheeky nandos meme,31 days 00:00:00.000000000
0,2017-10-01 00:00:00,spoopy meme,31 days 00:00:00.000000000
0,2012-08-01 00:00:00,i am the one meme,608 days 00:00:00.000000000
0,2005-10-01 00:00:00,objection meme,31 days 00:00:00.000000000
0,2016-05-01 00:00:00,mic drop meme,335 days 00:00:00.000000000
0,2012-12-01 00:00:00,dawn of the final day meme,31 days 00:00:00.000000000
0,2013-04-01 00:00:00,jeff the killer meme,487 days 00:00:00.000000000
0,2016-05-01 00:00:00,abu hajaar meme,153 days 00:00:00.000000000
0,2013-04-01 00:00:00,ed balls meme,30 days 00:00:00.000000000
0,2015-11-01 00:00:00,dont look at them ricky meme,61 days 00:00:00.000000000
0,2017-04-01 00:00:00,bepis meme,426 days 00:00:00.000000000
0,2016-05-01 00:00:00,put some respeck on my name meme,31 days 00:00:00.000000000
0,2017-05-01 00:00:00,war never changes meme,31 days 00:00:00.000000000
0,2015-06-01 00:00:00,what year is it meme,61 days 00:00:00.000000000
0,2013-08-01 00:00:00,scumbag stacy meme,153 days 00:00:00.000000000
0,2011-01-01 00:00:00,in the aeroplane over the sea meme,31 days 00:00:00.000000000
0,2015-10-01 00:00:00,the absolute madman meme,31 days 00:00:00.000000000
0,2016-11-01 00:00:00,be careful who you call ugly in middle school meme,242 days 00:00:00.000000000
0,2015-02-01 00:00:00,joel skype meme,59 days 00:00:00.000000000
0,2016-10-01 00:00:00,the trolley problem meme,151 days 00:00:00.000000000
0,2019-04-01 00:00:00,tubgirl meme,30 days 00:00:00.000000000
0,2012-02-01 00:00:00,fake and gay meme,29 days 00:00:00.000000000
0,2013-07-01 00:00:00,swiggity swag meme,31 days 00:00:00.000000000
0,2014-03-01 00:00:00,unpopular opinion puffin meme,92 days 00:00:00.000000000
0,2016-04-01 00:00:00,bush did 911 meme,30 days 00:00:00.000000000
0,2017-06-01 00:00:00,some of you guys are alright meme,30 days 00:00:00.000000000
0,2015-10-01 00:00:00,poot lovato meme,92 days 00:00:00.000000000
0,2013-11-01 00:00:00,cringeworthy meme,30 days 00:00:00.000000000
0,2016-08-01 00:00:00,duwang meme,31 days 00:00:00.000000000
0,2015-12-01 00:00:00,meme wars meme,31 days 00:00:00.000000000
0,2017-11-01 00:00:00,delet this meme,181 days 00:00:00.000000000
0,2017-01-01 00:00:00,drakeposting meme,31 days 00:00:00.000000000
0,2012-08-01 00:00:00,stop das gay meme,31 days 00:00:00.000000000
0,2017-12-01 00:00:00,exodia the forbidden one meme,31 days 00:00:00.000000000
0,2016-03-01 00:00:00,sad affleck meme,61 days 00:00:00.000000000
0,2016-03-01 00:00:00,he needs some milk meme,92 days 00:00:00.000000000
0,2016-03-01 00:00:00,sad papaw meme,31 days 00:00:00.000000000
0,2019-03-01 00:00:00,yaoi hands meme,31 days 00:00:00.000000000
0,2018-02-01 00:00:00,it is wednesday my dudes meme,242 days 00:00:00.000000000
0,2018-04-01 00:00:00,condom challenge meme,30 days 00:00:00.000000000
0,2017-05-01 00:00:00,red pill meme,700 days 00:00:00.000000000
0,2017-10-01 00:00:00,layers of irony meme,92 days 00:00:00.000000000
0,2016-03-01 00:00:00,im you but stronger meme,61 days 00:00:00.000000000
0,2016-12-01 00:00:00,congratulations you played yourself meme,31 days 00:00:00.000000000
0,2018-10-01 00:00:00,awaken my masters meme,31 days 00:00:00.000000000
0,2017-01-01 00:00:00,confused nick young meme,485 days 00:00:00.000000000
0,2015-01-01 00:00:00,put em in a coffin meme,120 days 00:00:00.000000000
0,2013-10-01 00:00:00,garlic bread meme,31 days 00:00:00.000000000
0,2017-04-01 00:00:00,graphic design is my passion meme,699 days 00:00:00.000000000
0,2016-12-01 00:00:00,get you a man who can do both meme,31 days 00:00:00.000000000
0,2017-01-01 00:00:00,draw the squad meme,334 days 00:00:00.000000000
0,2014-07-01 00:00:00,daquan meme,31 days 00:00:00.000000000
0,2016-11-01 00:00:00,otp meme,546 days 00:00:00.000000000
0,2015-08-01 00:00:00,turn down for what meme,792 days 00:00:00.000000000
0,2013-06-01 00:00:00,frankerz meme,122 days 00:00:00.000000000
0,2016-01-01 00:00:00,trypophobia meme,121 days 00:00:00.000000000
0,2017-03-01 00:00:00,yuge meme,122 days 00:00:00.000000000
0,2015-09-01 00:00:00,why the fuck you lyin meme,30 days 00:00:00.000000000
0,2016-06-01 00:00:00,real nigga hours meme,92 days 00:00:00.000000000
0,2016-04-01 00:00:00,crying michael jordan meme,91 days 00:00:00.000000000
0,2016-02-01 00:00:00,rubio robot meme,29 days 00:00:00.000000000
0,2016-06-01 00:00:00,spoons rattling meme,153 days 00:00:00.000000000
0,2015-12-01 00:00:00,alberto barbosa meme,31 days 00:00:00.000000000
0,2016-02-01 00:00:00,bernie or hillary meme,29 days 00:00:00.000000000
0,2016-12-01 00:00:00,clickbait meme,304 days 00:00:00.000000000
0,2015-04-01 00:00:00,on all levels except physical i am a wolf meme,30 days 00:00:00.000000000
0,2015-12-01 00:00:00,fuckboy meme,1035 days 00:00:00.000000000
0,2013-06-01 00:00:00,instructions unclear meme,30 days 00:00:00.000000000
0,2016-01-01 00:00:00,saitama ok meme,60 days 00:00:00.000000000
0,2017-02-01 00:00:00,stay woke meme,181 days 00:00:00.000000000
0,2015-10-01 00:00:00,hotline bling meme,61 days 00:00:00.000000000
0,2018-09-01 00:00:00,johny johny yes papa meme,61 days 00:00:00.000000000
0,2015-04-01 00:00:00,paul blart mall cop meme,61 days 00:00:00.000000000
0,2014-11-01 00:00:00,doritos mountain dew meme,120 days 00:00:00.000000000
0,2016-11-01 00:00:00,morning news meme,395 days 00:00:00.000000000
0,2018-06-01 00:00:00,awoo meme,153 days 00:00:00.000000000
0,2015-09-01 00:00:00,netflix and chill meme,91 days 00:00:00.000000000
0,2016-11-01 00:00:00,record scratch freeze frame meme,92 days 00:00:00.000000000
0,2016-09-01 00:00:00,sweating towel guy meme,122 days 00:00:00.000000000
0,2015-12-01 00:00:00,another one meme,62 days 00:00:00.000000000
0,2016-12-01 00:00:00,daily struggle meme,486 days 00:00:00.000000000
0,2005-07-01 00:00:00,monsoon meme,31 days 00:00:00.000000000
0,2015-07-01 00:00:00,mehmet my son meme,184 days 00:00:00.000000000
0,2017-05-01 00:00:00,yall got anymore of meme,31 days 00:00:00.000000000
0,2017-02-01 00:00:00,the more you know meme,242 days 00:00:00.000000000
0,2016-09-01 00:00:00,feels good meme,821 days 00:00:00.000000000
0,2018-02-01 00:00:00,magikarp guy meme,28 days 00:00:00.000000000
0,2014-08-01 00:00:00,ice bucket challenge meme,31 days 00:00:00.000000000
0,2016-01-01 00:00:00,ocean man meme,60 days 00:00:00.000000000
0,2016-01-01 00:00:00,emo kylo ren meme,31 days 00:00:00.000000000
0,2017-01-01 00:00:00,salty meme,304 days 00:00:00.000000000
0,2014-12-01 00:00:00,crossguard lightsaber meme,31 days 00:00:00.000000000
0,2018-04-01 00:00:00,luke i am your father meme,61 days 00:00:00.000000000
0,2012-05-01 00:00:00,you should be studying meme,61 days 00:00:00.000000000
0,2016-10-01 00:00:00,sheeple meme,151 days 00:00:00.000000000
0,2018-02-01 00:00:00,wonderwall meme,181 days 00:00:00.000000000
0,2015-06-01 00:00:00,chinese cartoons meme,30 days 00:00:00.000000000
0,2016-02-01 00:00:00,a small loan of a million dollars meme,121 days 00:00:00.000000000
0,2016-07-01 00:00:00,old man yells at cloud meme,92 days 00:00:00.000000000
0,2017-03-01 00:00:00,absolutely disgusting meme,31 days 00:00:00.000000000
0,2015-11-01 00:00:00,gondola meme,182 days 00:00:00.000000000
0,2018-07-01 00:00:00,kink shaming meme,153 days 00:00:00.000000000
0,2014-09-01 00:00:00,no flex zone meme,122 days 00:00:00.000000000
0,2015-08-01 00:00:00,kappa meme,1065 days 00:00:00.000000000
0,2015-07-01 00:00:00,minions meme,62 days 00:00:00.000000000
0,2016-09-01 00:00:00,pepe the frog meme,30 days 00:00:00.000000000
0,2018-01-01 00:00:00,ken m meme,120 days 00:00:00.000000000
0,2015-04-01 00:00:00,deez nuts meme,61 days 00:00:00.000000000
0,2016-09-01 00:00:00,master trole kid meme,30 days 00:00:00.000000000
0,2015-10-01 00:00:00,back to the future day meme,31 days 00:00:00.000000000
0,2016-11-01 00:00:00,social justice warrior meme,212 days 00:00:00.000000000
0,2015-03-01 00:00:00,jet fuel cant melt steel beams meme,122 days 00:00:00.000000000
0,2016-11-01 00:00:00,so it begins meme,61 days 00:00:00.000000000
0,2016-10-01 00:00:00,three seashells meme,61 days 00:00:00.000000000
0,2016-10-01 00:00:00,the whip meme,273 days 00:00:00.000000000
0,2017-08-01 00:00:00,normie meme,365 days 00:00:00.000000000
0,2019-01-01 00:00:00,year meme,31 days 00:00:00.000000000
0,2018-10-01 00:00:00,bwekfast meme,31 days 00:00:00.000000000
0,2013-10-01 00:00:00,i am the one who knocks meme,31 days 00:00:00.000000000
0,2012-09-01 00:00:00,hitler did nothing wrong meme,61 days 00:00:00.000000000
0,2016-06-01 00:00:00,they played us like a damn fiddle meme,61 days 00:00:00.000000000
0,2014-03-01 00:00:00,maymay meme,31 days 00:00:00.000000000
0,2015-10-01 00:00:00,such a lust for revenge meme,31 days 00:00:00.000000000
0,2016-07-01 00:00:00,are you feeling it now mr krabs meme,31 days 00:00:00.000000000
0,2016-03-01 00:00:00,baton roue meme,184 days 00:00:00.000000000
0,2016-11-01 00:00:00,bye felicia meme,30 days 00:00:00.000000000
0,2015-10-01 00:00:00,no chill meme,427 days 00:00:00.000000000
0,2016-02-01 00:00:00,carl meme,90 days 00:00:00.000000000
0,2013-06-01 00:00:00,full retard meme,1035 days 00:00:00.000000000
0,2019-01-01 00:00:00,mitochondria is the powerhouse of the cell meme,31 days 00:00:00.000000000
0,2015-12-01 00:00:00,witness me meme,213 days 00:00:00.000000000
0,2015-09-01 00:00:00,brotherman bill meme,61 days 00:00:00.000000000
0,2018-10-01 00:00:00,spooky scary skeletons meme,31 days 00:00:00.000000000
0,2017-03-01 00:00:00,i sexually identify as an attack helicopter meme,122 days 00:00:00.000000000
0,2017-02-01 00:00:00,male tears meme,59 days 00:00:00.000000000
0,2017-11-01 00:00:00,ow the edge meme,30 days 00:00:00.000000000
0,2016-05-01 00:00:00,git gud meme,579 days 00:00:00.000000000
0,2015-08-01 00:00:00,what are those meme,153 days 00:00:00.000000000
0,2012-11-01 00:00:00,kill yourself meme,242 days 00:00:00.000000000
0,2017-01-01 00:00:00,moon man meme,243 days 00:00:00.000000000
0,2016-08-01 00:00:00,squad meme,31 days 00:00:00.000000000
0,2012-02-01 00:00:00,forever meme,182 days 00:00:00.000000000
0,2015-06-01 00:00:00,pakalu papito meme,92 days 00:00:00.000000000
0,2017-05-01 00:00:00,ravioli ravioli give me the formuoli meme,31 days 00:00:00.000000000
0,2015-07-01 00:00:00,breadsticks meme,31 days 00:00:00.000000000
0,2015-08-01 00:00:00,dankey kang meme,31 days 00:00:00.000000000
0,2015-07-01 00:00:00,dont judge challenge meme,31 days 00:00:00.000000000
0,2012-06-01 00:00:00,wololo meme,30 days 00:00:00.000000000
0,2013-01-01 00:00:00,popped a molly im sweatin meme,59 days 00:00:00.000000000
0,2016-08-01 00:00:00,we did it reddit meme,31 days 00:00:00.000000000
0,2016-10-01 00:00:00,shy guy meme,516 days 00:00:00.000000000
0,2013-01-01 00:00:00,the casting couch meme,120 days 00:00:00.000000000
0,2015-11-01 00:00:00,resting bitch face meme,608 days 00:00:00.000000000
0,2016-06-01 00:00:00,high impact sexual violence meme,92 days 00:00:00.000000000
0,2014-05-01 00:00:00,shovel fight meme,31 days 00:00:00.000000000
0,2014-11-01 00:00:00,bruh meme,823 days 00:00:00.000000000
0,2011-07-01 00:00:00,owling meme,31 days 00:00:00.000000000
0,2013-07-01 00:00:00,bitch im fabulous meme,62 days 00:00:00.000000000
0,2018-12-01 00:00:00,20xx meme,31 days 00:00:00.000000000
0,2013-10-01 00:00:00,drake the type of meme,61 days 00:00:00.000000000
0,2018-09-01 00:00:00,the barber meme,242 days 00:00:00.000000000
0,2018-02-01 00:00:00,black twitter meme,150 days 00:00:00.000000000
0,2018-12-01 00:00:00,lonk meme,121 days 00:00:00.000000000
0,2014-09-01 00:00:00,bikini bridge meme,30 days 00:00:00.000000000
0,2016-02-01 00:00:00,wolverine crush meme,60 days 00:00:00.000000000
0,2014-09-01 00:00:00,see nobody cares meme,30 days 00:00:00.000000000
0,2014-02-01 00:00:00,this could be us but you playing meme,120 days 00:00:00.000000000
0,2013-07-01 00:00:00,rip in peace meme,153 days 00:00:00.000000000
0,2013-03-01 00:00:00,laughing tom cruise meme,92 days 00:00:00.000000000
0,2017-04-01 00:00:00,scrub meme,122 days 00:00:00.000000000
0,2004-12-01 00:00:00,katana meme,31 days 00:00:00.000000000
0,2014-11-01 00:00:00,too many cooks meme,30 days 00:00:00.000000000
0,2012-12-01 00:00:00,ola k ase meme,121 days 00:00:00.000000000
0,2013-03-01 00:00:00,thrift shop meme,92 days 00:00:00.000000000
0,2017-02-01 00:00:00,all star meme,546 days 00:00:00.000000000
0,2011-07-01 00:00:00,jesus christ how horrifying meme,31 days 00:00:00.000000000
0,2015-09-01 00:00:00,nobody expects the spanish inquisition meme,30 days 00:00:00.000000000
0,2015-05-01 00:00:00,charlie charlie challenge meme,31 days 00:00:00.000000000
0,2012-02-01 00:00:00,santorum meme,90 days 00:00:00.000000000
0,2017-12-01 00:00:00,12 year olds meme,31 days 00:00:00.000000000
0,2016-06-01 00:00:00,cheeki breeki meme,30 days 00:00:00.000000000
0,2018-06-01 00:00:00,kumamon meme,61 days 00:00:00.000000000
0,2016-12-01 00:00:00,gardevoir meme,90 days 00:00:00.000000000
0,2013-08-01 00:00:00,john is kill meme,31 days 00:00:00.000000000
0,2013-04-01 00:00:00,you dense motherfucker meme,91 days 00:00:00.000000000
0,2016-12-01 00:00:00,anime was a mistake meme,31 days 00:00:00.000000000
0,2015-05-01 00:00:00,atheist arya meme,31 days 00:00:00.000000000
0,2014-04-01 00:00:00,hail hydra meme,30 days 00:00:00.000000000
0,2015-04-01 00:00:00,the struggle is real meme,641 days 00:00:00.000000000
0,2015-03-01 00:00:00,rappin for jesus meme,61 days 00:00:00.000000000
0,2012-06-01 00:00:00,bad luck brian meme,153 days 00:00:00.000000000
0,2016-12-01 00:00:00,xd meme,274 days 00:00:00.000000000
0,2018-11-01 00:00:00,press f to pay respects meme,181 days 00:00:00.000000000
0,2014-11-01 00:00:00,starter packs meme,61 days 00:00:00.000000000
0,2015-05-01 00:00:00,smug frog meme,123 days 00:00:00.000000000
0,2014-12-01 00:00:00,i crave that mineral meme,31 days 00:00:00.000000000
0,2015-12-01 00:00:00,happy merchant meme,31 days 00:00:00.000000000
0,2014-12-01 00:00:00,copy that meme,90 days 00:00:00.000000000
0,2017-04-01 00:00:00,bae come over meme,91 days 00:00:00.000000000
0,2014-12-01 00:00:00,keyhole turtleneck meme,31 days 00:00:00.000000000
0,2017-01-01 00:00:00,i am growing stronger meme,31 days 00:00:00.000000000
0,2014-07-01 00:00:00,confused black girl meme,123 days 00:00:00.000000000
0,2016-03-01 00:00:00,nickelback photograph meme,61 days 00:00:00.000000000
0,2014-09-01 00:00:00,black guy on the phone meme,30 days 00:00:00.000000000
0,2015-11-01 00:00:00,you see ivan meme,30 days 00:00:00.000000000
0,2015-05-01 00:00:00,down with cis meme,31 days 00:00:00.000000000
0,2014-03-01 00:00:00,side eyeing chloe meme,92 days 00:00:00.000000000
0,2013-05-01 00:00:00,ryan gosling wont eat his cereal meme,31 days 00:00:00.000000000
0,2015-01-01 00:00:00,trust nobody not even yourself meme,31 days 00:00:00.000000000
0,2012-02-01 00:00:00,bad joke eel meme,151 days 00:00:00.000000000
0,2016-05-01 00:00:00,brent rambo meme,31 days 00:00:00.000000000
0,2014-04-01 00:00:00,tips fedora meme,306 days 00:00:00.000000000
0,2018-04-01 00:00:00,its gonna be may meme,61 days 00:00:00.000000000
0,2015-01-01 00:00:00,mememe meme,334 days 00:00:00.000000000
0,2012-12-01 00:00:00,banana for scale meme,31 days 00:00:00.000000000
0,2014-09-01 00:00:00,he does it for free meme,30 days 00:00:00.000000000
0,2018-01-01 00:00:00,muh meme,151 days 00:00:00.000000000
0,2013-11-01 00:00:00,bazinga meme,30 days 00:00:00.000000000
0,2018-01-01 00:00:00,do it for her meme,31 days 00:00:00.000000000
0,2014-11-01 00:00:00,too much water meme,30 days 00:00:00.000000000
0,2015-02-01 00:00:00,thug life meme,1004 days 00:00:00.000000000
0,2014-10-01 00:00:00,pregnancy announcement meme,31 days 00:00:00.000000000
0,2014-06-01 00:00:00,but thats none of my business meme,61 days 00:00:00.000000000
0,2012-01-01 00:00:00,sheltered college freshman meme,60 days 00:00:00.000000000
0,2013-04-01 00:00:00,rape sloth meme,61 days 00:00:00.000000000
0,2017-07-01 00:00:00,pocket sand meme,31 days 00:00:00.000000000
0,2015-04-01 00:00:00,sneople meme,30 days 00:00:00.000000000
0,2018-02-01 00:00:00,expand dong meme,365 days 00:00:00.000000000
0,2016-01-01 00:00:00,yaass meme,31 days 00:00:00.000000000
0,2016-12-01 00:00:00,me irl meme,212 days 00:00:00.000000000
0,2015-03-01 00:00:00,naked banana meme,184 days 00:00:00.000000000
0,2016-04-01 00:00:00,gnome child meme,306 days 00:00:00.000000000
0,2015-04-01 00:00:00,kylie jenner challenge meme,30 days 00:00:00.000000000
0,2014-10-01 00:00:00,hits blunt meme,182 days 00:00:00.000000000
0,2017-06-01 00:00:00,that guy meme,30 days 00:00:00.000000000
0,2016-11-01 00:00:00,kek meme,334 days 00:00:00.000000000
0,2017-07-01 00:00:00,crawling in my skin meme,31 days 00:00:00.000000000
0,2014-04-01 00:00:00,awkward moment seal meme,61 days 00:00:00.000000000
0,2014-11-01 00:00:00,what the fuck am i reading meme,212 days 00:00:00.000000000
0,2019-01-01 00:00:00,hide the pain harold meme,59 days 00:00:00.000000000
0,2015-09-01 00:00:00,ayy lmao meme,243 days 00:00:00.000000000
0,2014-06-01 00:00:00,shrek is love shrek is life meme,92 days 00:00:00.000000000
0,2015-09-01 00:00:00,revolver ocelot meme,61 days 00:00:00.000000000
0,2015-01-01 00:00:00,ebin meme,120 days 00:00:00.000000000
0,2012-11-01 00:00:00,prepare your anus meme,61 days 00:00:00.000000000
0,2016-11-01 00:00:00,onii chan meme,61 days 00:00:00.000000000
0,2011-04-01 00:00:00,engineering professor meme,61 days 00:00:00.000000000
0,2018-08-01 00:00:00,fefe meme,61 days 00:00:00.000000000
0,2014-10-01 00:00:00,ebola chan meme,31 days 00:00:00.000000000
0,2012-01-01 00:00:00,jizz in my pants meme,121 days 00:00:00.000000000
0,2017-01-01 00:00:00,boku no pico meme,212 days 00:00:00.000000000
0,2018-02-01 00:00:00,the illuminati meme,28 days 00:00:00.000000000
0,2016-11-01 00:00:00,follow the damn train cj meme,30 days 00:00:00.000000000
0,2016-06-01 00:00:00,spot the main character meme,92 days 00:00:00.000000000
0,2018-11-01 00:00:00,with great power comes great responsibility meme,30 days 00:00:00.000000000
0,2018-09-01 00:00:00,open the gate meme,181 days 00:00:00.000000000
0,2016-06-01 00:00:00,springtrap meme,30 days 00:00:00.000000000
0,2015-03-01 00:00:00,american bear meme,31 days 00:00:00.000000000
0,2013-04-01 00:00:00,best korea meme,30 days 00:00:00.000000000
0,2018-05-01 00:00:00,cultural appropriation meme,61 days 00:00:00.000000000
